games,year,season,medals,winners,leader,leader_share,top3_share,top5_share,hhi,effective_countries,effective_countries_remerged
1896 Summer,1896,Summer,124,10,GRE,37.903225806451616,65.3225806451613,81.45161290322582,0.20304370447450573,4.925048046124279,4.925048046124279
1900 Summer,1900,Summer,295,24,FRA,34.91525423728814,68.47457627118645,77.6271186440678,0.18724504452743465,5.340595274624118,5.340595274624118
1904 Summer,1904,Summer,283,12,USA,82.68551236749117,90.45936395759718,93.28621908127208,0.6884466031539912,1.4525454776284528,1.4525454776284528
1908 Summer,1908,Summer,322,19,GBR,44.72049689440994,67.08074534161491,77.95031055900623,0.23816596581921995,4.198752733457519,4.198752733457519
1912 Summer,1912,Summer,311,18,SWE,20.90032154340836,54.340836012861736,70.73954983922829,0.12360294041624878,8.09042241739858,8.09042241739858
1920 Summer,1920,Summer,435,22,USA,21.839080459770116,46.206896551724135,63.90804597701149,0.11079402827321971,9.02575721440496,9.02575721440496
1924 Summer,1924,Summer,378,27,USA,26.19047619047619,46.031746031746025,62.69841269841269,0.11398057165252932,8.773425027631093,8.773425027631093
1924 Winter,1924,Winter,53,13,NOR,32.075471698113205,62.264150943396224,75.47169811320754,0.1733713065147739,5.767967145790556,5.767967145790556
1928 Summer,1928,Summer,327,33,USA,17.125382262996943,34.25076452599389,48.31804281345566,0.07286143141710855,13.724682325760494,13.724682325760494
1928 Winter,1928,Winter,41,12,NOR,36.58536585365854,63.41463414634146,82.92682926829268,0.19333729922665083,5.172307692307692,5.172307692307692
1932 Summer,1932,Summer,347,27,USA,29.68299711815562,47.262247838616716,59.94236311239193,0.12586268468303863,7.945166611679315,7.945166611679315
1932 Winter,1932,Winter,42,10,USA,28.571428571428573,69.04761904761905,83.33333333333333,0.18253968253968256,5.478260869565217,5.478260869565217
1936 Summer,1936,Summer,390,32,GER,22.82051282051282,42.820512820512825,52.820512820512825,0.09585798816568047,10.432098765432098,10.412102957283677
1936 Winter,1936,Winter,51,11,NOR,29.41176470588235,54.90196078431372,74.50980392156862,0.15340253748558244,6.518796992481204,6.518796992481204
1948 Summer,1948,Summer,409,37,USA,20.537897310513447,38.38630806845966,51.58924205378974,0.08315947417817923,12.025088059808784,12.025088059808784
1948 Winter,1948,Winter,68,13,SUI,14.705882352941176,44.11764705882353,69.11764705882354,0.11375432525951558,8.790874524714829,8.790874524714829
1952 Summer,1952,Summer,459,43,USA,16.55773420479303,41.17647058823529,54.030501089324616,0.07942339366150723,12.5907488196976,12.5907488196976
1952 Winter,1952,Winter,67,13,NOR,23.880597014925375,53.73134328358209,76.11940298507463,0.1361104923145467,7.34697217675941,7.34697217675941
1956 Summer,1956,Summer,469,38,URS,20.895522388059703,44.136460554371006,55.22388059701493,0.09340292142698021,10.706303236797277,10.706303236797277
1956 Winter,1956,Winter,72,13,URS,22.22222222222222,51.388888888888886,70.83333333333333,0.12577160493827155,7.950920245398776,7.950920245398776
1960 Summer,1960,Summer,461,44,URS,22.342733188720175,46.85466377440347,59.436008676789584,0.10047477661031146,9.952746686648245,9.952746686648245
1960 Winter,1960,Winter,81,14,URS,25.925925925925927,48.14814814814815,66.66666666666667,0.12635269013869835,7.914354644149579,7.914354644149579
1964 Summer,1964,Summer,504,41,URS,19.047619047619047,46.82539682539682,57.93650793650793,0.09489166036785084,10.53833388649187,10.53833388649187
1964 Winter,1964,Winter,104,14,URS,24.03846153846154,50.00000000000001,68.26923076923077,0.12518491124260353,7.988183161004432,7.988183161004432
1968 Summer,1968,Summer,527,44,USA,20.30360531309298,43.64326375711575,53.32068311195446,0.08990418717526799,11.122952461051703,11.122952461051703
1968 Winter,1968,Winter,104,15,NOR,13.461538461538462,36.53846153846153,53.84615384615384,0.08450443786982247,11.833698030634576,11.833698030634576
1972 Summer,1972,Summer,600,48,URS,16.5,43.166666666666664,55.666666666666664,0.08230000000000001,12.150668286755769,12.150668286755769
1972 Winter,1972,Winter,105,17,URS,15.238095238095237,40.0,58.095238095238095,0.08952380952380952,11.170212765957448,11.170212765957448
1976 Summer,1976,Summer,613,41,URS,20.391517128874387,50.40783034257748,61.17455138662316,0.1016076366065322,9.841779942903539,9.841779942903539
1976 Winter,1976,Winter,111,16,URS,24.324324324324323,50.45045045045045,65.76576576576576,0.12344777209642074,8.100591715976332,8.100591715976332
1980 Summer,1980,Summer,631,36,URS,30.903328050713153,57.36925515055468,67.51188589540412,0.15143371651166238,6.603549216352931,6.603549216352931
1980 Winter,1980,Winter,115,19,GDR,20.0,49.565217391304344,66.08695652173913,0.11334593572778827,8.822548365577052,8.822548365577052
1984 Summer,1984,Summer,688,47,USA,25.290697674418606,41.56976744186046,53.343023255813954,0.09743442401297996,10.263313096270602,10.263313096270602
1984 Winter,1984,Winter,117,17,URS,21.367521367521366,52.99145299145299,67.52136752136752,0.12367594418876471,8.085646780862374,8.085646780862374
1988 Summer,1988,Summer,739,52,URS,17.861975642760488,44.384303112313944,54.53315290933695,0.08253665396496382,12.115829173599554,12.115829173599554
1988 Winter,1988,Winter,138,17,URS,21.014492753623188,50.0,63.04347826086956,0.11153119092627599,8.966101694915254,8.966101694915254
1992 Summer,1992,Summer,811,63,EUN,13.810110974106042,37.237977805178794,47.71886559802713,0.06392528138830898,15.643263170412663,15.065648120576316
1992 Winter,1992,Winter,168,20,GER,15.476190476190476,41.666666666666664,60.11904761904762,0.09077380952380955,11.016393442622947,11.016393442622947
1994 Winter,1994,Winter,180,22,GER,13.333333333333334,38.88888888888889,57.22222222222222,0.08401234567901235,11.903012490815577,10.331632653061224
1996 Summer,1996,Summer,842,79,USA,11.995249406175772,27.197149643705465,38.004750593824234,0.04428715703477185,22.579909548378883,16.97304285372277
1998 Winter,1998,Winter,202,24,GER,14.356435643564357,34.15841584158416,50.0,0.07455151455739634,13.413543721236028,12.60160592958616
2000 Summer,2000,Summer,927,80,USA,10.032362459546926,25.88996763754045,38.18770226537217,0.042310919333573054,23.63456090651558,15.772424425967735
2002 Winter,2002,Winter,234,24,GER,15.384615384615385,40.598290598290596,55.12820512820513,0.08287676236394186,12.0661084178052,11.760309278350517
2004 Summer,2004,Summer,927,74,USA,10.895361380798274,27.40021574973031,38.07982740021575,0.04339315908109699,23.045107136152755,16.151282774175357
2006 Winter,2006,Winter,252,26,GER,11.507936507936508,30.952380952380956,48.80952380952381,0.07032627865961198,14.219435736677118,13.18604651162791
2008 Summer,2008,Summer,958,86,USA,11.482254697286013,29.436325678496868,39.24843423799582,0.04576993649783604,21.848402609151076,14.23375414870189
2010 Winter,2010,Winter,258,26,USA,14.34108527131783,36.04651162790698,51.162790697674424,0.07298239288504298,13.701934952655412,12.9100077579519
2012 Summer,2012,Summer,962,85,USA,10.706860706860708,28.37837837837838,39.70893970893971,0.044335475728407146,22.555300999268816,15.45807443041358
2014 Winter,2014,Winter,295,26,RUS,11.186440677966102,29.49152542372881,46.101694915254235,0.06339557598391267,15.773971361247055,13.349440098174565
2016 Summer,2016,Summer,971,85,USA,12.461380020597323,26.570545829042224,36.66323377960865,0.041925414783616735,23.851880897568883,16.8716962224648
